{"cameraMode":{"drawMode":0,"name":"Shaded","section":"Shading Mode"},"sceneLighting":true,"audioPlay":false,"sceneViewState":{"showFog":false,"showMaterialUpdate":false,"showSkybox":false,"showFlares":false,"showImageEffects":false,"showParticleSystems":false},"in2DMode":false,"pivot":{"x":-1.1807527542114258,"y":4.103209018707275,"z":53.832427978515628},"rotation":{"x":-0.05745565891265869,"y":-0.06285393983125687,"z":-0.003624518634751439,"w":0.9963616132736206},"size":5.354098320007324,"orthographic":false}